equipment_id,department,equipment_type,section_id,available_date,available_start,available_end,quantity,availability_status,synthetic_flag
EQP0001,TRD,SIGNAL_TEST_SET,SEC_DAD_THA,2026-01-08,05:05,14:49,3,PARTIAL,True
EQP0002,S&T,SIGNAL_TEST_SET,SEC_KAL_KAR,2026-01-06,11:50,19:28,3,AVAILABLE,True
EQP0003,Engineering,OHE_TEST_KIT,SEC_KHA_LON,2026-03-10,05:59,12:53,2,UNAVAILABLE,True
EQP0004,TRD,LIFTING_UNIT,SEC_LON_TAL,2026-02-21,06:46,15:38,4,PARTIAL,True
EQP0005,Engineering,OHE_TEST_KIT,SEC_KHA_LON,2026-03-29,06:02,12:54,1,AVAILABLE,True
EQP0006,TRD,TAMPER,SEC_LON_TAL,2026-03-30,10:16,16:54,3,UNAVAILABLE,True
EQP0007,Engineering,OHE_TEST_KIT,SEC_THA_KAL,2026-02-25,14:09,20:44,2,AVAILABLE,True
EQP0008,S&T,OHE_TEST_KIT,SEC_MUM_DAD,2026-02-25,04:13,12:34,2,AVAILABLE,True
EQP0009,Engineering,GENERATOR,SEC_SHI_PUN,2026-01-21,02:06,11:45,4,AVAILABLE,True
EQP0010,Engineering,GENERATOR,SEC_THA_KAL,2026-03-05,02:48,11:42,4,PARTIAL,True
EQP0011,S&T,GENERATOR,SEC_KAR_KHA,2026-03-23,07:59,17:11,3,AVAILABLE,True
EQP0012,Engineering,TAMPER,SEC_KAR_KHA,2026-02-24,09:37,18:48,4,UNAVAILABLE,True
EQP0013,TRD,SIGNAL_TEST_SET,SEC_MUM_DAD,2026-03-15,01:20,10:13,2,AVAILABLE,True
EQP0014,TRD,LIFTING_UNIT,SEC_SHI_PUN,2026-01-21,00:20,09:26,1,PARTIAL,True
EQP0015,TRD,OHE_TEST_KIT,SEC_KAR_KHA,2026-01-19,05:56,13:40,1,AVAILABLE,True
EQP0016,TRD,GENERATOR,SEC_TAL_CHI,2026-02-17,08:01,17:33,1,UNAVAILABLE,True
EQP0017,S&T,SIGNAL_TEST_SET,SEC_KAR_KHA,2026-03-11,05:45,13:01,4,UNAVAILABLE,True
EQP0018,S&T,TAMPER,SEC_THA_KAL,2026-03-10,00:11,06:30,2,UNAVAILABLE,True
EQP0019,S&T,TAMPER,SEC_KAR_KHA,2026-03-19,00:33,07:12,4,UNAVAILABLE,True
EQP0020,TRD,OHE_TEST_KIT,SEC_KHA_LON,2026-01-22,08:08,14:49,3,PARTIAL,True
EQP0021,TRD,OHE_TEST_KIT,SEC_KAR_KHA,2026-01-08,11:04,18:49,1,UNAVAILABLE,True
EQP0022,S&T,TAMPER,SEC_CHI_SHI,2026-02-15,02:08,09:59,4,AVAILABLE,True
EQP0023,S&T,TAMPER,SEC_MUM_DAD,2026-03-29,13:05,19:22,3,UNAVAILABLE,True
EQP0024,TRD,SIGNAL_TEST_SET,SEC_CHI_SHI,2026-02-26,09:50,17:29,4,AVAILABLE,True
EQP0025,S&T,SIGNAL_TEST_SET,SEC_CHI_SHI,2026-01-16,14:04,20:42,2,PARTIAL,True
EQP0026,TRD,OHE_TEST_KIT,SEC_DAD_THA,2026-01-28,13:48,21:31,1,AVAILABLE,True
EQP0027,S&T,GENERATOR,SEC_MUM_DAD,2026-02-19,13:25,21:46,4,UNAVAILABLE,True
EQP0028,Engineering,OHE_TEST_KIT,SEC_SHI_PUN,2026-03-03,02:33,12:31,2,UNAVAILABLE,True
EQP0029,TRD,OHE_TEST_KIT,SEC_SHI_PUN,2026-01-11,12:44,19:48,3,UNAVAILABLE,True
EQP0030,S&T,TAMPER,SEC_KHA_LON,2026-03-03,04:12,11:59,3,AVAILABLE,True
EQP0031,S&T,OHE_TEST_KIT,SEC_CHI_SHI,2026-01-11,08:57,17:52,1,AVAILABLE,True
EQP0032,Engineering,SIGNAL_TEST_SET,SEC_LON_TAL,2026-01-21,06:17,14:23,3,PARTIAL,True
EQP0033,TRD,TAMPER,SEC_KAR_KHA,2026-03-22,12:12,22:07,2,PARTIAL,True
EQP0034,S&T,SIGNAL_TEST_SET,SEC_THA_KAL,2026-01-11,06:36,15:07,2,UNAVAILABLE,True
EQP0035,Engineering,OHE_TEST_KIT,SEC_TAL_CHI,2026-02-21,02:52,09:25,1,PARTIAL,True
EQP0036,TRD,TAMPER,SEC_DAD_THA,2026-01-04,06:45,12:58,1,AVAILABLE,True
EQP0037,Engineering,SIGNAL_TEST_SET,SEC_DAD_THA,2026-02-04,08:10,14:14,3,PARTIAL,True
EQP0038,S&T,TAMPER,SEC_SHI_PUN,2026-03-16,07:02,13:51,3,PARTIAL,True
EQP0039,Engineering,LIFTING_UNIT,SEC_DAD_THA,2026-02-07,07:34,16:59,3,PARTIAL,True
EQP0040,Engineering,GENERATOR,SEC_SHI_PUN,2026-02-17,09:40,16:30,3,UNAVAILABLE,True
EQP0041,TRD,LIFTING_UNIT,SEC_DAD_THA,2026-02-06,03:58,12:00,4,AVAILABLE,True
EQP0042,S&T,GENERATOR,SEC_KAR_KHA,2026-01-05,04:34,13:08,4,UNAVAILABLE,True
EQP0043,TRD,LIFTING_UNIT,SEC_DAD_THA,2026-01-03,14:53,22:17,3,AVAILABLE,True
EQP0044,S&T,TAMPER,SEC_CHI_SHI,2026-03-25,08:47,15:28,3,PARTIAL,True
EQP0045,Engineering,TAMPER,SEC_KAR_KHA,2026-01-24,06:13,16:10,1,PARTIAL,True
EQP0046,TRD,LIFTING_UNIT,SEC_KAR_KHA,2026-02-16,03:03,09:50,4,UNAVAILABLE,True
EQP0047,Engineering,SIGNAL_TEST_SET,SEC_CHI_SHI,2026-02-14,09:49,19:10,4,UNAVAILABLE,True
EQP0048,S&T,SIGNAL_TEST_SET,SEC_MUM_DAD,2026-03-01,00:29,07:03,1,AVAILABLE,True
EQP0049,Engineering,SIGNAL_TEST_SET,SEC_KHA_LON,2026-01-11,04:18,11:28,3,PARTIAL,True
EQP0050,TRD,LIFTING_UNIT,SEC_MUM_DAD,2026-01-31,12:32,21:32,2,AVAILABLE,True
EQP0051,S&T,LIFTING_UNIT,SEC_KAR_KHA,2026-02-17,08:52,17:42,3,PARTIAL,True
EQP0052,S&T,TAMPER,SEC_DAD_THA,2026-02-01,04:37,12:49,2,UNAVAILABLE,True
EQP0053,TRD,TAMPER,SEC_DAD_THA,2026-02-26,11:56,20:07,2,PARTIAL,True
EQP0054,Engineering,LIFTING_UNIT,SEC_SHI_PUN,2026-03-15,03:46,10:44,4,PARTIAL,True
EQP0055,S&T,TAMPER,SEC_KAL_KAR,2026-03-24,12:46,19:42,2,AVAILABLE,True
EQP0056,TRD,GENERATOR,SEC_KHA_LON,2026-02-05,00:39,09:59,1,AVAILABLE,True
EQP0057,Engineering,GENERATOR,SEC_KHA_LON,2026-02-02,06:42,15:27,2,PARTIAL,True
EQP0058,Engineering,SIGNAL_TEST_SET,SEC_CHI_SHI,2026-03-16,05:35,12:12,4,PARTIAL,True
EQP0059,Engineering,TAMPER,SEC_LON_TAL,2026-03-15,13:34,21:02,2,AVAILABLE,True
EQP0060,Engineering,SIGNAL_TEST_SET,SEC_SHI_PUN,2026-01-27,04:07,12:40,1,UNAVAILABLE,True
EQP0061,Engineering,LIFTING_UNIT,SEC_KAR_KHA,2026-01-04,03:42,11:30,1,UNAVAILABLE,True
EQP0062,Engineering,TAMPER,SEC_KAR_KHA,2026-02-12,06:29,14:33,1,UNAVAILABLE,True
EQP0063,S&T,TAMPER,SEC_SHI_PUN,2026-01-24,12:47,20:44,2,PARTIAL,True
EQP0064,S&T,TAMPER,SEC_THA_KAL,2026-01-12,09:53,17:55,4,AVAILABLE,True
EQP0065,TRD,TAMPER,SEC_KHA_LON,2026-03-01,14:23,21:19,2,UNAVAILABLE,True
EQP0066,TRD,GENERATOR,SEC_SHI_PUN,2026-03-24,01:08,07:25,2,AVAILABLE,True
EQP0067,TRD,SIGNAL_TEST_SET,SEC_KHA_LON,2026-03-05,02:37,08:43,2,UNAVAILABLE,True
EQP0068,TRD,LIFTING_UNIT,SEC_KHA_LON,2026-01-23,02:36,10:06,3,AVAILABLE,True
EQP0069,Engineering,SIGNAL_TEST_SET,SEC_MUM_DAD,2026-01-06,14:53,23:24,2,PARTIAL,True
EQP0070,S&T,SIGNAL_TEST_SET,SEC_CHI_SHI,2026-01-15,09:20,17:49,3,PARTIAL,True
EQP0071,S&T,SIGNAL_TEST_SET,SEC_DAD_THA,2026-03-31,08:06,14:22,3,UNAVAILABLE,True
EQP0072,TRD,TAMPER,SEC_THA_KAL,2026-03-01,02:08,10:04,2,AVAILABLE,True
EQP0073,S&T,OHE_TEST_KIT,SEC_MUM_DAD,2026-03-15,06:47,15:42,3,UNAVAILABLE,True
EQP0074,TRD,OHE_TEST_KIT,SEC_SHI_PUN,2026-01-10,00:22,07:48,4,UNAVAILABLE,True
EQP0075,S&T,SIGNAL_TEST_SET,SEC_CHI_SHI,2026-03-01,03:00,10:04,2,UNAVAILABLE,True
EQP0076,TRD,TAMPER,SEC_KAR_KHA,2026-02-25,13:00,20:54,1,UNAVAILABLE,True
EQP0077,TRD,GENERATOR,SEC_KAR_KHA,2026-02-04,00:08,09:55,3,UNAVAILABLE,True
EQP0078,Engineering,OHE_TEST_KIT,SEC_MUM_DAD,2026-03-18,12:15,22:14,3,AVAILABLE,True
EQP0079,S&T,TAMPER,SEC_THA_KAL,2026-02-23,14:24,22:19,4,UNAVAILABLE,True
EQP0080,Engineering,LIFTING_UNIT,SEC_DAD_THA,2026-02-20,12:46,22:46,2,UNAVAILABLE,True
EQP0081,S&T,SIGNAL_TEST_SET,SEC_DAD_THA,2026-02-06,09:35,16:38,4,PARTIAL,True
EQP0082,TRD,LIFTING_UNIT,SEC_DAD_THA,2026-03-26,06:53,15:37,4,UNAVAILABLE,True
EQP0083,TRD,LIFTING_UNIT,SEC_KAR_KHA,2026-02-02,12:41,19:23,2,UNAVAILABLE,True
EQP0084,TRD,GENERATOR,SEC_KAR_KHA,2026-01-02,05:06,12:10,1,PARTIAL,True
EQP0085,S&T,LIFTING_UNIT,SEC_DAD_THA,2026-01-08,10:07,18:10,2,AVAILABLE,True
EQP0086,TRD,LIFTING_UNIT,SEC_DAD_THA,2026-03-04,02:49,09:43,1,PARTIAL,True
EQP0087,Engineering,LIFTING_UNIT,SEC_SHI_PUN,2026-02-24,11:07,19:22,3,AVAILABLE,True
EQP0088,TRD,LIFTING_UNIT,SEC_KAR_KHA,2026-01-18,11:25,20:45,2,AVAILABLE,True
EQP0089,TRD,LIFTING_UNIT,SEC_DAD_THA,2026-02-28,00:19,08:29,4,UNAVAILABLE,True
EQP0090,TRD,OHE_TEST_KIT,SEC_DAD_THA,2026-03-07,12:00,19:26,4,AVAILABLE,True
EQP0091,TRD,GENERATOR,SEC_KAR_KHA,2026-03-21,08:59,15:02,3,UNAVAILABLE,True
EQP0092,S&T,GENERATOR,SEC_KHA_LON,2026-01-12,12:39,19:38,4,PARTIAL,True
EQP0093,TRD,OHE_TEST_KIT,SEC_CHI_SHI,2026-03-18,06:12,14:23,3,PARTIAL,True
EQP0094,Engineering,SIGNAL_TEST_SET,SEC_LON_TAL,2026-01-10,06:12,12:20,2,AVAILABLE,True
EQP0095,Engineering,GENERATOR,SEC_KAR_KHA,2026-02-03,07:24,15:24,2,PARTIAL,True
EQP0096,Engineering,OHE_TEST_KIT,SEC_SHI_PUN,2026-01-03,08:49,17:58,2,PARTIAL,True
EQP0097,S&T,OHE_TEST_KIT,SEC_MUM_DAD,2026-01-08,09:20,15:56,2,UNAVAILABLE,True
EQP0098,TRD,SIGNAL_TEST_SET,SEC_KAR_KHA,2026-03-26,05:16,11:35,2,UNAVAILABLE,True
EQP0099,TRD,TAMPER,SEC_DAD_THA,2026-02-03,09:43,16:53,1,AVAILABLE,True
EQP0100,TRD,LIFTING_UNIT,SEC_LON_TAL,2026-03-17,01:05,07:31,3,AVAILABLE,True
EQP0101,S&T,TAMPER,SEC_LON_TAL,2026-01-13,10:38,17:01,4,PARTIAL,True
EQP0102,Engineering,TAMPER,SEC_KAL_KAR,2026-02-21,14:31,22:03,1,PARTIAL,True
EQP0103,Engineering,LIFTING_UNIT,SEC_TAL_CHI,2026-03-28,09:59,17:44,3,AVAILABLE,True
EQP0104,S&T,GENERATOR,SEC_TAL_CHI,2026-02-26,09:30,18:09,2,PARTIAL,True
EQP0105,S&T,TAMPER,SEC_CHI_SHI,2026-03-30,09:50,17:10,3,AVAILABLE,True
EQP0106,S&T,LIFTING_UNIT,SEC_THA_KAL,2026-01-06,11:47,20:12,3,UNAVAILABLE,True
EQP0107,Engineering,TAMPER,SEC_TAL_CHI,2026-02-11,10:25,18:12,2,UNAVAILABLE,True
EQP0108,TRD,LIFTING_UNIT,SEC_KHA_LON,2026-02-07,07:13,16:13,4,UNAVAILABLE,True
EQP0109,TRD,LIFTING_UNIT,SEC_LON_TAL,2026-01-30,08:40,16:41,2,UNAVAILABLE,True
EQP0110,Engineering,OHE_TEST_KIT,SEC_TAL_CHI,2026-01-06,11:25,20:24,3,UNAVAILABLE,True
EQP0111,S&T,GENERATOR,SEC_KAR_KHA,2026-03-01,03:19,13:10,3,UNAVAILABLE,True
EQP0112,TRD,TAMPER,SEC_THA_KAL,2026-01-10,14:44,22:44,2,AVAILABLE,True
EQP0113,TRD,OHE_TEST_KIT,SEC_DAD_THA,2026-03-18,06:11,12:20,1,PARTIAL,True
EQP0114,TRD,GENERATOR,SEC_TAL_CHI,2026-03-15,13:23,20:51,3,PARTIAL,True
EQP0115,TRD,LIFTING_UNIT,SEC_LON_TAL,2026-03-24,13:42,22:17,2,UNAVAILABLE,True
EQP0116,TRD,LIFTING_UNIT,SEC_KHA_LON,2026-03-03,07:56,17:18,1,UNAVAILABLE,True
EQP0117,Engineering,LIFTING_UNIT,SEC_SHI_PUN,2026-02-23,06:24,12:54,1,PARTIAL,True
EQP0118,S&T,OHE_TEST_KIT,SEC_KAR_KHA,2026-02-06,03:05,11:01,4,PARTIAL,True
EQP0119,Engineering,TAMPER,SEC_MUM_DAD,2026-01-06,11:51,18:20,2,PARTIAL,True
EQP0120,S&T,OHE_TEST_KIT,SEC_MUM_DAD,2026-03-26,09:45,17:03,3,PARTIAL,True
EQP0121,TRD,LIFTING_UNIT,SEC_LON_TAL,2026-02-12,11:14,19:38,3,PARTIAL,True
EQP0122,Engineering,OHE_TEST_KIT,SEC_DAD_THA,2026-02-14,08:22,14:59,4,AVAILABLE,True
EQP0123,S&T,TAMPER,SEC_TAL_CHI,2026-01-08,00:37,07:25,1,UNAVAILABLE,True
EQP0124,Engineering,GENERATOR,SEC_TAL_CHI,2026-02-03,03:47,10:07,1,PARTIAL,True
EQP0125,Engineering,GENERATOR,SEC_THA_KAL,2026-03-29,14:24,23:08,1,UNAVAILABLE,True
EQP0126,TRD,SIGNAL_TEST_SET,SEC_CHI_SHI,2026-01-15,03:37,13:25,3,PARTIAL,True
EQP0127,TRD,TAMPER,SEC_TAL_CHI,2026-02-27,05:08,13:34,2,AVAILABLE,True
EQP0128,S&T,GENERATOR,SEC_LON_TAL,2026-01-27,05:42,11:48,4,UNAVAILABLE,True
EQP0129,TRD,GENERATOR,SEC_TAL_CHI,2026-03-08,01:13,10:29,2,UNAVAILABLE,True
EQP0130,S&T,LIFTING_UNIT,SEC_MUM_DAD,2026-01-03,03:34,10:38,4,UNAVAILABLE,True
EQP0131,TRD,TAMPER,SEC_THA_KAL,2026-01-30,13:47,22:09,1,UNAVAILABLE,True
EQP0132,S&T,TAMPER,SEC_MUM_DAD,2026-03-27,03:02,10:16,1,PARTIAL,True
EQP0133,S&T,GENERATOR,SEC_SHI_PUN,2026-02-05,14:32,21:59,2,AVAILABLE,True
EQP0134,TRD,OHE_TEST_KIT,SEC_TAL_CHI,2026-01-23,06:41,14:50,2,AVAILABLE,True
EQP0135,TRD,TAMPER,SEC_KHA_LON,2026-01-20,07:34,15:25,1,PARTIAL,True
EQP0136,Engineering,OHE_TEST_KIT,SEC_SHI_PUN,2026-02-13,14:46,22:32,4,AVAILABLE,True
EQP0137,TRD,TAMPER,SEC_SHI_PUN,2026-03-02,09:57,18:00,3,PARTIAL,True
EQP0138,TRD,LIFTING_UNIT,SEC_SHI_PUN,2026-02-15,06:32,15:09,3,UNAVAILABLE,True
EQP0139,Engineering,TAMPER,SEC_LON_TAL,2026-01-09,01:38,07:44,1,UNAVAILABLE,True
EQP0140,Engineering,SIGNAL_TEST_SET,SEC_THA_KAL,2026-03-09,10:38,18:06,2,PARTIAL,True
EQP0141,S&T,LIFTING_UNIT,SEC_TAL_CHI,2026-03-12,14:10,21:31,2,UNAVAILABLE,True
EQP0142,Engineering,OHE_TEST_KIT,SEC_KHA_LON,2026-03-07,05:55,12:14,2,PARTIAL,True
EQP0143,TRD,SIGNAL_TEST_SET,SEC_DAD_THA,2026-03-29,05:27,13:53,1,AVAILABLE,True
EQP0144,Engineering,TAMPER,SEC_SHI_PUN,2026-02-16,11:19,19:55,4,AVAILABLE,True
EQP0145,Engineering,GENERATOR,SEC_LON_TAL,2026-03-14,09:41,19:02,2,AVAILABLE,True
EQP0146,Engineering,OHE_TEST_KIT,SEC_SHI_PUN,2026-01-24,09:50,18:54,1,PARTIAL,True
EQP0147,Engineering,LIFTING_UNIT,SEC_TAL_CHI,2026-01-30,03:15,11:29,2,AVAILABLE,True
EQP0148,Engineering,GENERATOR,SEC_THA_KAL,2026-01-24,03:11,11:57,3,AVAILABLE,True
EQP0149,TRD,TAMPER,SEC_CHI_SHI,2026-02-22,08:09,18:07,2,PARTIAL,True
EQP0150,TRD,TAMPER,SEC_SHI_PUN,2026-02-09,00:14,06:49,2,UNAVAILABLE,True
EQP0151,Engineering,GENERATOR,SEC_DAD_THA,2026-02-28,05:15,13:20,2,AVAILABLE,True
EQP0152,TRD,OHE_TEST_KIT,SEC_DAD_THA,2026-01-05,02:15,11:49,1,AVAILABLE,True
EQP0153,TRD,OHE_TEST_KIT,SEC_SHI_PUN,2026-02-04,10:24,19:24,3,PARTIAL,True
EQP0154,S&T,OHE_TEST_KIT,SEC_TAL_CHI,2026-02-07,01:07,08:04,3,PARTIAL,True
EQP0155,TRD,SIGNAL_TEST_SET,SEC_KAR_KHA,2026-01-15,04:44,14:15,2,UNAVAILABLE,True
EQP0156,Engineering,SIGNAL_TEST_SET,SEC_KAR_KHA,2026-01-06,08:42,16:11,2,PARTIAL,True
EQP0157,S&T,GENERATOR,SEC_SHI_PUN,2026-02-13,03:33,10:55,1,PARTIAL,True
EQP0158,Engineering,SIGNAL_TEST_SET,SEC_DAD_THA,2026-01-11,14:12,21:10,2,UNAVAILABLE,True
EQP0159,S&T,LIFTING_UNIT,SEC_DAD_THA,2026-01-18,10:55,17:36,3,UNAVAILABLE,True
EQP0160,TRD,GENERATOR,SEC_THA_KAL,2026-01-03,01:50,07:53,1,PARTIAL,True
EQP0161,TRD,OHE_TEST_KIT,SEC_DAD_THA,2026-01-31,03:32,11:17,4,AVAILABLE,True
EQP0162,TRD,TAMPER,SEC_KAR_KHA,2026-02-17,08:51,18:21,1,AVAILABLE,True
EQP0163,S&T,SIGNAL_TEST_SET,SEC_LON_TAL,2026-02-12,14:50,23:59,2,AVAILABLE,True
EQP0164,Engineering,GENERATOR,SEC_LON_TAL,2026-01-18,05:03,11:03,1,AVAILABLE,True
EQP0165,S&T,GENERATOR,SEC_TAL_CHI,2026-02-22,14:53,23:56,3,UNAVAILABLE,True
EQP0166,Engineering,OHE_TEST_KIT,SEC_SHI_PUN,2026-03-05,06:00,15:28,4,UNAVAILABLE,True
EQP0167,Engineering,GENERATOR,SEC_THA_KAL,2026-02-12,02:19,08:58,2,AVAILABLE,True
EQP0168,S&T,TAMPER,SEC_THA_KAL,2026-03-06,01:47,11:35,1,AVAILABLE,True
EQP0169,TRD,OHE_TEST_KIT,SEC_THA_KAL,2026-02-27,10:32,18:14,2,UNAVAILABLE,True
EQP0170,TRD,TAMPER,SEC_SHI_PUN,2026-02-23,09:04,16:06,3,UNAVAILABLE,True
EQP0171,S&T,TAMPER,SEC_TAL_CHI,2026-01-27,00:54,08:02,1,UNAVAILABLE,True
EQP0172,Engineering,OHE_TEST_KIT,SEC_DAD_THA,2026-02-18,01:05,07:18,4,PARTIAL,True
EQP0173,TRD,SIGNAL_TEST_SET,SEC_DAD_THA,2026-01-12,08:16,18:01,1,UNAVAILABLE,True
EQP0174,S&T,SIGNAL_TEST_SET,SEC_LON_TAL,2026-03-29,04:03,13:22,2,UNAVAILABLE,True
EQP0175,Engineering,TAMPER,SEC_TAL_CHI,2026-01-02,09:19,18:52,2,AVAILABLE,True
EQP0176,TRD,GENERATOR,SEC_KHA_LON,2026-01-21,12:24,18:46,3,PARTIAL,True
EQP0177,TRD,LIFTING_UNIT,SEC_KAL_KAR,2026-03-19,07:29,15:49,3,UNAVAILABLE,True
EQP0178,S&T,OHE_TEST_KIT,SEC_DAD_THA,2026-01-03,14:37,23:10,1,PARTIAL,True
EQP0179,S&T,SIGNAL_TEST_SET,SEC_KAL_KAR,2026-03-25,05:48,13:15,3,UNAVAILABLE,True
EQP0180,TRD,GENERATOR,SEC_SHI_PUN,2026-03-16,04:44,10:59,2,AVAILABLE,True
EQP0181,TRD,SIGNAL_TEST_SET,SEC_CHI_SHI,2026-01-11,12:58,20:18,2,UNAVAILABLE,True
EQP0182,Engineering,OHE_TEST_KIT,SEC_THA_KAL,2026-03-08,01:28,10:53,2,AVAILABLE,True
EQP0183,TRD,GENERATOR,SEC_KAR_KHA,2026-02-01,04:01,10:14,3,AVAILABLE,True
EQP0184,TRD,GENERATOR,SEC_TAL_CHI,2026-01-09,07:23,15:06,3,PARTIAL,True
EQP0185,TRD,TAMPER,SEC_KAR_KHA,2026-03-13,10:08,18:15,3,UNAVAILABLE,True
EQP0186,Engineering,SIGNAL_TEST_SET,SEC_TAL_CHI,2026-01-29,03:04,10:10,4,UNAVAILABLE,True
EQP0187,S&T,SIGNAL_TEST_SET,SEC_CHI_SHI,2026-03-02,10:42,19:01,3,AVAILABLE,True
EQP0188,Engineering,GENERATOR,SEC_TAL_CHI,2026-03-29,04:55,12:50,2,UNAVAILABLE,True
EQP0189,TRD,SIGNAL_TEST_SET,SEC_MUM_DAD,2026-03-08,13:17,23:11,2,UNAVAILABLE,True
EQP0190,TRD,SIGNAL_TEST_SET,SEC_KAL_KAR,2026-02-05,02:33,08:33,1,AVAILABLE,True
EQP0191,TRD,GENERATOR,SEC_KHA_LON,2026-01-12,11:04,18:38,2,UNAVAILABLE,True
EQP0192,TRD,GENERATOR,SEC_MUM_DAD,2026-01-20,00:16,06:50,4,AVAILABLE,True
EQP0193,S&T,TAMPER,SEC_SHI_PUN,2026-03-07,06:39,14:01,3,AVAILABLE,True
EQP0194,Engineering,LIFTING_UNIT,SEC_KAL_KAR,2026-01-23,05:36,15:03,4,AVAILABLE,True
EQP0195,S&T,LIFTING_UNIT,SEC_CHI_SHI,2026-02-06,14:12,22:26,1,PARTIAL,True
EQP0196,S&T,LIFTING_UNIT,SEC_CHI_SHI,2026-03-25,09:46,19:25,4,PARTIAL,True
EQP0197,TRD,GENERATOR,SEC_KAL_KAR,2026-03-31,08:01,16:02,4,AVAILABLE,True
EQP0198,TRD,SIGNAL_TEST_SET,SEC_DAD_THA,2026-01-25,07:12,16:14,2,AVAILABLE,True
EQP0199,Engineering,OHE_TEST_KIT,SEC_THA_KAL,2026-03-10,01:06,08:05,4,UNAVAILABLE,True
EQP0200,TRD,OHE_TEST_KIT,SEC_KAR_KHA,2026-03-11,10:21,17:55,4,PARTIAL,True
