train_id,train_type,origin,destination,direction,priority_class,running_days,flag
TR001,EXPRESS,Talegaon,Kalyan,UP,B,WEEKEND,TRUE
TR002,MAINTENANCE_TEST,Chinchwad,Kalyan,DOWN,B,WEEKEND,TRUE
TR003,FREIGHT_SIMULATION,Shivajinagar,Talegaon,UP,B,WEEKDAY,TRUE
TR004,FREIGHT_SIMULATION,Mumbai,Shivajinagar,DOWN,A,DAILY,TRUE
TR005,PASSENGER,Karjat,Shivajinagar,UP,B,DAILY,TRUE
TR006,MAINTENANCE_TEST,Dadar,Lonavala,UP,B,DAILY,TRUE
TR007,MAINTENANCE_TEST,Kalyan,Karjat,UP,C,DAILY,TRUE
TR008,EXPRESS,Mumbai,Karjat,DOWN,C,DAILY,TRUE
TR009,FREIGHT_SIMULATION,Mumbai,Karjat,DOWN,A,WEEKDAY,TRUE
TR010,MAINTENANCE_TEST,Karjat,Khandala,UP,C,WEEKDAY,TRUE
TR011,PASSENGER,Thane,Khandala,UP,C,WEEKEND,TRUE
TR012,EXPRESS,Mumbai,Dadar,UP,B,WEEKEND,TRUE
TR013,PASSENGER,Talegaon,Lonavala,DOWN,C,DAILY,TRUE
TR014,MAINTENANCE_TEST,Thane,Karjat,DOWN,C,WEEKEND,TRUE
TR015,FREIGHT_SIMULATION,Mumbai,Lonavala,UP,A,WEEKDAY,TRUE
TR016,FREIGHT_SIMULATION,Kalyan,Talegaon,UP,C,WEEKEND,TRUE
TR017,PASSENGER,Khandala,Mumbai,DOWN,A,WEEKEND,TRUE
TR018,MAINTENANCE_TEST,Talegaon,Shivajinagar,DOWN,A,WEEKDAY,TRUE
TR019,MAINTENANCE_TEST,Chinchwad,Dadar,UP,A,WEEKEND,TRUE
TR020,PASSENGER,Lonavala,Mumbai,DOWN,C,WEEKDAY,TRUE
TR021,FREIGHT_SIMULATION,Pune,Kalyan,UP,B,WEEKDAY,TRUE
TR022,MAINTENANCE_TEST,Pune,Lonavala,DOWN,B,WEEKEND,TRUE
TR023,EXPRESS,Thane,Pune,DOWN,A,DAILY,TRUE
TR024,EXPRESS,Pune,Lonavala,UP,C,DAILY,TRUE
TR025,MAINTENANCE_TEST,Kalyan,Mumbai,UP,A,WEEKDAY,TRUE
TR026,FREIGHT_SIMULATION,Dadar,Karjat,UP,B,WEEKDAY,TRUE
TR027,FREIGHT_SIMULATION,Kalyan,Shivajinagar,UP,B,DAILY,TRUE
TR028,FREIGHT_SIMULATION,Khandala,Dadar,DOWN,C,DAILY,TRUE
TR029,MAINTENANCE_TEST,Lonavala,Mumbai,DOWN,A,DAILY,TRUE
TR030,PASSENGER,Dadar,Kalyan,DOWN,B,WEEKDAY,TRUE
TR031,EXPRESS,Chinchwad,Pune,DOWN,B,WEEKDAY,TRUE
TR032,MAINTENANCE_TEST,Karjat,Mumbai,DOWN,C,WEEKEND,TRUE
TR033,MAINTENANCE_TEST,Lonavala,Chinchwad,UP,A,DAILY,TRUE
TR034,EXPRESS,Pune,Shivajinagar,DOWN,A,WEEKDAY,TRUE
TR035,PASSENGER,Khandala,Shivajinagar,UP,A,WEEKEND,TRUE
TR036,FREIGHT_SIMULATION,Talegaon,Shivajinagar,UP,B,DAILY,TRUE
TR037,EXPRESS,Mumbai,Pune,UP,B,WEEKEND,TRUE
TR038,PASSENGER,Chinchwad,Thane,DOWN,C,WEEKDAY,TRUE
TR039,EXPRESS,Khandala,Thane,DOWN,A,WEEKEND,TRUE
TR040,PASSENGER,Talegaon,Khandala,UP,C,WEEKDAY,TRUE
TR041,MAINTENANCE_TEST,Chinchwad,Pune,UP,A,WEEKDAY,TRUE
TR042,MAINTENANCE_TEST,Pune,Karjat,DOWN,A,DAILY,TRUE
TR043,MAINTENANCE_TEST,Lonavala,Khandala,UP,C,WEEKDAY,TRUE
TR044,MAINTENANCE_TEST,Kalyan,Lonavala,DOWN,C,DAILY,TRUE
TR045,PASSENGER,Dadar,Talegaon,UP,C,DAILY,TRUE
TR046,MAINTENANCE_TEST,Dadar,Pune,DOWN,B,WEEKDAY,TRUE
TR047,EXPRESS,Shivajinagar,Kalyan,UP,B,WEEKEND,TRUE
TR048,FREIGHT_SIMULATION,Karjat,Mumbai,UP,B,DAILY,TRUE
TR049,FREIGHT_SIMULATION,Lonavala,Shivajinagar,UP,A,DAILY,TRUE
TR050,FREIGHT_SIMULATION,Kalyan,Pune,DOWN,C,DAILY,TRUE
TR051,MAINTENANCE_TEST,Chinchwad,Lonavala,DOWN,C,WEEKEND,TRUE
TR052,FREIGHT_SIMULATION,Chinchwad,Mumbai,UP,C,WEEKDAY,TRUE
TR053,PASSENGER,Karjat,Dadar,DOWN,B,DAILY,TRUE
TR054,FREIGHT_SIMULATION,Karjat,Khandala,DOWN,A,WEEKEND,TRUE
TR055,FREIGHT_SIMULATION,Lonavala,Talegaon,DOWN,C,WEEKEND,TRUE
TR056,PASSENGER,Dadar,Karjat,DOWN,B,WEEKDAY,TRUE
TR057,EXPRESS,Dadar,Kalyan,DOWN,C,WEEKDAY,TRUE
TR058,FREIGHT_SIMULATION,Karjat,Pune,DOWN,B,DAILY,TRUE
TR059,MAINTENANCE_TEST,Dadar,Lonavala,DOWN,A,WEEKEND,TRUE
TR060,FREIGHT_SIMULATION,Mumbai,Kalyan,UP,A,DAILY,TRUE
TR061,EXPRESS,Khandala,Karjat,UP,C,DAILY,TRUE
TR062,MAINTENANCE_TEST,Chinchwad,Kalyan,DOWN,A,DAILY,TRUE
TR063,EXPRESS,Pune,Karjat,UP,B,WEEKEND,TRUE
TR064,MAINTENANCE_TEST,Chinchwad,Thane,UP,B,WEEKDAY,TRUE
TR065,EXPRESS,Talegaon,Dadar,DOWN,A,WEEKDAY,TRUE
TR066,EXPRESS,Lonavala,Mumbai,UP,C,WEEKEND,TRUE
TR067,EXPRESS,Dadar,Talegaon,UP,A,DAILY,TRUE
TR068,PASSENGER,Kalyan,Dadar,DOWN,A,WEEKEND,TRUE
TR069,MAINTENANCE_TEST,Shivajinagar,Lonavala,UP,B,WEEKDAY,TRUE
TR070,PASSENGER,Dadar,Khandala,UP,A,DAILY,TRUE
TR071,PASSENGER,Karjat,Thane,UP,B,WEEKEND,TRUE
TR072,EXPRESS,Karjat,Shivajinagar,DOWN,A,WEEKEND,TRUE
TR073,EXPRESS,Thane,Karjat,DOWN,B,WEEKDAY,TRUE
TR074,EXPRESS,Shivajinagar,Mumbai,UP,C,WEEKDAY,TRUE
TR075,EXPRESS,Khandala,Kalyan,UP,A,WEEKDAY,TRUE
TR076,PASSENGER,Chinchwad,Khandala,DOWN,A,WEEKDAY,TRUE
TR077,FREIGHT_SIMULATION,Kalyan,Dadar,DOWN,A,WEEKDAY,TRUE
TR078,FREIGHT_SIMULATION,Shivajinagar,Dadar,DOWN,C,DAILY,TRUE
TR079,MAINTENANCE_TEST,Kalyan,Khandala,UP,A,DAILY,TRUE
TR080,FREIGHT_SIMULATION,Thane,Kalyan,DOWN,A,DAILY,TRUE
TR081,EXPRESS,Kalyan,Dadar,DOWN,B,WEEKEND,TRUE
TR082,EXPRESS,Mumbai,Talegaon,UP,C,WEEKEND,TRUE
TR083,FREIGHT_SIMULATION,Mumbai,Karjat,DOWN,A,WEEKEND,TRUE
TR084,FREIGHT_SIMULATION,Dadar,Mumbai,DOWN,A,WEEKEND,TRUE
TR085,EXPRESS,Lonavala,Pune,UP,A,WEEKEND,TRUE
TR086,FREIGHT_SIMULATION,Shivajinagar,Khandala,UP,C,WEEKEND,TRUE
TR087,EXPRESS,Dadar,Thane,UP,B,WEEKDAY,TRUE
TR088,MAINTENANCE_TEST,Karjat,Mumbai,DOWN,C,WEEKEND,TRUE
TR089,PASSENGER,Pune,Mumbai,UP,C,WEEKEND,TRUE
TR090,MAINTENANCE_TEST,Mumbai,Lonavala,UP,B,DAILY,TRUE
TR091,PASSENGER,Kalyan,Lonavala,DOWN,C,WEEKEND,TRUE
TR092,FREIGHT_SIMULATION,Talegaon,Karjat,UP,A,DAILY,TRUE
TR093,MAINTENANCE_TEST,Lonavala,Karjat,UP,C,WEEKEND,TRUE
TR094,PASSENGER,Lonavala,Thane,UP,B,WEEKEND,TRUE
TR095,FREIGHT_SIMULATION,Shivajinagar,Lonavala,UP,B,WEEKEND,TRUE
TR096,MAINTENANCE_TEST,Thane,Karjat,UP,B,WEEKDAY,TRUE
TR097,EXPRESS,Karjat,Lonavala,DOWN,C,WEEKEND,TRUE
TR098,EXPRESS,Karjat,Talegaon,DOWN,B,WEEKEND,TRUE
TR099,MAINTENANCE_TEST,Mumbai,Dadar,UP,A,DAILY,TRUE
TR100,FREIGHT_SIMULATION,Talegaon,Karjat,UP,B,WEEKDAY,TRUE
TR101,PASSENGER,Shivajinagar,Talegaon,DOWN,C,WEEKDAY,TRUE
TR102,PASSENGER,Thane,Dadar,UP,A,WEEKDAY,TRUE
TR103,PASSENGER,Chinchwad,Khandala,DOWN,B,WEEKEND,TRUE
TR104,PASSENGER,Kalyan,Thane,UP,A,WEEKDAY,TRUE
TR105,MAINTENANCE_TEST,Chinchwad,Shivajinagar,DOWN,B,WEEKEND,TRUE
TR106,EXPRESS,Thane,Shivajinagar,DOWN,B,DAILY,TRUE
TR107,EXPRESS,Pune,Chinchwad,UP,C,WEEKEND,TRUE
TR108,PASSENGER,Pune,Shivajinagar,UP,C,WEEKEND,TRUE
TR109,PASSENGER,Thane,Dadar,UP,C,DAILY,TRUE
TR110,FREIGHT_SIMULATION,Khandala,Dadar,DOWN,C,DAILY,TRUE
TR111,FREIGHT_SIMULATION,Talegaon,Mumbai,UP,A,WEEKDAY,TRUE
TR112,PASSENGER,Shivajinagar,Pune,UP,A,WEEKEND,TRUE
TR113,MAINTENANCE_TEST,Lonavala,Dadar,UP,A,DAILY,TRUE
TR114,EXPRESS,Kalyan,Karjat,DOWN,B,WEEKEND,TRUE
TR115,PASSENGER,Pune,Shivajinagar,UP,A,WEEKDAY,TRUE
TR116,FREIGHT_SIMULATION,Karjat,Mumbai,DOWN,B,WEEKDAY,TRUE
TR117,MAINTENANCE_TEST,Mumbai,Khandala,DOWN,C,DAILY,TRUE
TR118,PASSENGER,Mumbai,Kalyan,DOWN,A,DAILY,TRUE
TR119,FREIGHT_SIMULATION,Kalyan,Thane,UP,B,WEEKEND,TRUE
TR120,EXPRESS,Pune,Lonavala,DOWN,A,WEEKDAY,TRUE
TR121,FREIGHT_SIMULATION,Chinchwad,Mumbai,UP,A,DAILY,TRUE
TR122,EXPRESS,Lonavala,Talegaon,UP,A,DAILY,TRUE
TR123,EXPRESS,Dadar,Pune,UP,C,DAILY,TRUE
TR124,FREIGHT_SIMULATION,Shivajinagar,Karjat,UP,C,WEEKEND,TRUE
TR125,FREIGHT_SIMULATION,Kalyan,Chinchwad,DOWN,A,DAILY,TRUE
TR126,PASSENGER,Pune,Karjat,UP,C,WEEKDAY,TRUE
TR127,FREIGHT_SIMULATION,Karjat,Kalyan,DOWN,B,WEEKDAY,TRUE
TR128,PASSENGER,Shivajinagar,Lonavala,UP,C,DAILY,TRUE
TR129,PASSENGER,Lonavala,Kalyan,UP,B,WEEKEND,TRUE
TR130,MAINTENANCE_TEST,Talegaon,Karjat,UP,A,DAILY,TRUE
TR131,EXPRESS,Shivajinagar,Chinchwad,DOWN,A,DAILY,TRUE
TR132,PASSENGER,Shivajinagar,Karjat,UP,A,WEEKEND,TRUE
TR133,MAINTENANCE_TEST,Dadar,Khandala,UP,A,WEEKEND,TRUE
TR134,FREIGHT_SIMULATION,Kalyan,Thane,UP,A,WEEKDAY,TRUE
TR135,FREIGHT_SIMULATION,Kalyan,Thane,UP,B,WEEKEND,TRUE
TR136,PASSENGER,Thane,Mumbai,UP,C,DAILY,TRUE
TR137,MAINTENANCE_TEST,Dadar,Khandala,DOWN,B,WEEKEND,TRUE
TR138,PASSENGER,Chinchwad,Kalyan,UP,B,WEEKEND,TRUE
TR139,EXPRESS,Shivajinagar,Talegaon,DOWN,A,WEEKEND,TRUE
TR140,EXPRESS,Thane,Kalyan,UP,C,DAILY,TRUE
TR141,EXPRESS,Pune,Khandala,UP,C,DAILY,TRUE
TR142,PASSENGER,Shivajinagar,Thane,DOWN,A,WEEKDAY,TRUE
TR143,EXPRESS,Chinchwad,Pune,DOWN,B,WEEKEND,TRUE
TR144,MAINTENANCE_TEST,Shivajinagar,Chinchwad,DOWN,A,WEEKDAY,TRUE
TR145,FREIGHT_SIMULATION,Shivajinagar,Lonavala,UP,C,WEEKEND,TRUE
TR146,MAINTENANCE_TEST,Talegaon,Dadar,UP,A,WEEKDAY,TRUE
TR147,FREIGHT_SIMULATION,Dadar,Shivajinagar,UP,B,WEEKDAY,TRUE
TR148,PASSENGER,Khandala,Pune,UP,C,DAILY,TRUE
TR149,FREIGHT_SIMULATION,Dadar,Thane,UP,A,WEEKEND,TRUE
TR150,FREIGHT_SIMULATION,Karjat,Mumbai,DOWN,A,DAILY,TRUE
TR151,EXPRESS,Pune,Shivajinagar,DOWN,C,DAILY,TRUE
TR152,FREIGHT_SIMULATION,Chinchwad,Dadar,DOWN,A,WEEKEND,TRUE
TR153,MAINTENANCE_TEST,Thane,Kalyan,UP,B,WEEKEND,TRUE
TR154,PASSENGER,Kalyan,Lonavala,UP,C,DAILY,TRUE
TR155,PASSENGER,Dadar,Shivajinagar,UP,B,WEEKEND,TRUE
TR156,EXPRESS,Lonavala,Pune,DOWN,C,DAILY,TRUE
TR157,MAINTENANCE_TEST,Karjat,Thane,UP,C,DAILY,TRUE
TR158,MAINTENANCE_TEST,Talegaon,Pune,DOWN,A,DAILY,TRUE
TR159,MAINTENANCE_TEST,Karjat,Lonavala,DOWN,C,WEEKEND,TRUE
TR160,FREIGHT_SIMULATION,Talegaon,Pune,UP,C,WEEKEND,TRUE
TR161,FREIGHT_SIMULATION,Shivajinagar,Lonavala,DOWN,B,WEEKEND,TRUE
TR162,PASSENGER,Khandala,Chinchwad,UP,C,WEEKDAY,TRUE
TR163,FREIGHT_SIMULATION,Lonavala,Pune,DOWN,C,DAILY,TRUE
TR164,PASSENGER,Karjat,Shivajinagar,UP,A,WEEKDAY,TRUE
TR165,FREIGHT_SIMULATION,Pune,Khandala,UP,C,WEEKDAY,TRUE
TR166,FREIGHT_SIMULATION,Pune,Chinchwad,UP,B,WEEKDAY,TRUE
TR167,EXPRESS,Chinchwad,Khandala,DOWN,C,WEEKDAY,TRUE
TR168,MAINTENANCE_TEST,Shivajinagar,Kalyan,UP,C,WEEKEND,TRUE
TR169,MAINTENANCE_TEST,Lonavala,Pune,UP,C,WEEKEND,TRUE
TR170,PASSENGER,Mumbai,Chinchwad,UP,B,WEEKEND,TRUE
TR171,FREIGHT_SIMULATION,Thane,Chinchwad,UP,C,DAILY,TRUE
TR172,MAINTENANCE_TEST,Mumbai,Pune,DOWN,C,WEEKEND,TRUE
TR173,PASSENGER,Khandala,Shivajinagar,DOWN,B,WEEKEND,TRUE
TR174,MAINTENANCE_TEST,Dadar,Pune,DOWN,A,DAILY,TRUE
TR175,FREIGHT_SIMULATION,Karjat,Dadar,UP,C,WEEKEND,TRUE
TR176,PASSENGER,Lonavala,Dadar,DOWN,B,WEEKEND,TRUE
TR177,EXPRESS,Dadar,Lonavala,DOWN,A,DAILY,TRUE
TR178,FREIGHT_SIMULATION,Karjat,Mumbai,DOWN,B,WEEKEND,TRUE
TR179,EXPRESS,Pune,Talegaon,UP,C,DAILY,TRUE
TR180,PASSENGER,Dadar,Pune,UP,A,DAILY,TRUE
TR181,FREIGHT_SIMULATION,Talegaon,Pune,UP,B,DAILY,TRUE
TR182,EXPRESS,Khandala,Thane,UP,B,WEEKEND,TRUE
TR183,FREIGHT_SIMULATION,Karjat,Kalyan,UP,C,WEEKDAY,TRUE
TR184,MAINTENANCE_TEST,Dadar,Shivajinagar,UP,C,WEEKEND,TRUE
TR185,PASSENGER,Lonavala,Pune,UP,B,WEEKDAY,TRUE
TR186,MAINTENANCE_TEST,Talegaon,Kalyan,DOWN,B,WEEKDAY,TRUE
TR187,PASSENGER,Khandala,Shivajinagar,DOWN,B,WEEKEND,TRUE
TR188,EXPRESS,Shivajinagar,Chinchwad,UP,B,WEEKDAY,TRUE
TR189,FREIGHT_SIMULATION,Kalyan,Khandala,DOWN,A,DAILY,TRUE
TR190,MAINTENANCE_TEST,Dadar,Shivajinagar,DOWN,B,DAILY,TRUE
TR191,FREIGHT_SIMULATION,Khandala,Kalyan,DOWN,B,DAILY,TRUE
TR192,EXPRESS,Karjat,Talegaon,UP,A,DAILY,TRUE
TR193,EXPRESS,Thane,Talegaon,UP,A,DAILY,TRUE
TR194,FREIGHT_SIMULATION,Khandala,Chinchwad,UP,C,WEEKDAY,TRUE
TR195,MAINTENANCE_TEST,Chinchwad,Thane,UP,C,WEEKEND,TRUE
TR196,MAINTENANCE_TEST,Talegaon,Khandala,UP,C,DAILY,TRUE
TR197,EXPRESS,Dadar,Kalyan,DOWN,C,WEEKDAY,TRUE
TR198,FREIGHT_SIMULATION,Thane,Karjat,DOWN,A,WEEKDAY,TRUE
TR199,FREIGHT_SIMULATION,Dadar,Thane,DOWN,A,DAILY,TRUE
TR200,PASSENGER,Mumbai,Pune,UP,B,WEEKDAY,TRUE
